Workbook

Sheet Accounts
A1: Account ID | B1: Region | C1: Revenue Potential ($) | D1: Original Rep ID | E1: Rebalanced Rep ID
A2: ACC0001 | B2: Midwest | C2: 20500 | D2: 33 | E2: 33
A3: ACC0002 | B3: Southeast | C3: 6300 | D3: 17 | E3: 17
A4: ACC0003 | B4: Southwest | C4: 8300 | D4: 39 | E4: 39
A5: ACC0004 | B5: Northeast | C5: 10100 | D5: 41 | E5: 41
A6: ACC0005 | B6: Northeast | C6: 5300 | D6: 6 | E6: 6
A7: ACC0006 | B7: West | C7: 8100 | D7: 35 | E7: 35
A8: ACC0007 | B8: Northeast | C8: 8100 | D8: 6 | E8: 6
A9: ACC0008 | B9: Midwest | C9: 3100 | D9: 28 | E9: 28
A10: ACC0009 | B10: West | C10: 14200 | D10: 20 | E10: 20
A11: ACC0010 | B11: Northeast | C11: 11300 | D11: 41 | E11: 41
A12: ACC0011 | B12: West | C12: 5700 | D12: 5 | E12: 50
A13: ACC0012 | B13: Southeast | C13: 7400 | D13: 42 | E13: 42
... A621: ACC0620 | B621: Northeast | C621: 8900 | D621: 21 | E621: 21

Sheet Rep_Summary
A1: Rep ID | B1: Rep Name | C1: Region | D1: Orig. Account Count | E1: Orig. Revenue Potential ($) | F1: Rebal. Account Count | G1: Rebal. Revenue Potential ($) | H1: Change in Accounts | I1: Change in Revenue ($) | K1: Metric | L1: Before (Original) | M1: After (Rebalanced)
A2: 1 | B2: Rep_01 | C2: Northeast | D2: =COUNTIFS(Accounts!$D$2:$D$621,A2) -> 18 | E2: =SUMIFS(Accounts!$C$2:$C$621,Accounts!$D$2:$D$621,A2) -> 158400 | F2: =COUNTIFS(Accounts!$E$2:$E$621,A2) -> 14 | G2: =SUMIFS(Accounts!$C$2:$C$621,Accounts!$E$2:$E$621,A2) -> 140100 | H2: =F2-D2 -> -4 | I2: =G2-E2 -> -18300 | K2: Avg. Revenue Potential / Rep | L2: =AVERAGE(E2:E51) -> 112756 | M2: =AVERAGE(G2:G51) -> 112756
A3: 2 | B3: Rep_02 | C3: Southeast | D3: =COUNTIFS(Accounts!$D$2:$D$621,A3) -> 20 | E3: =SUMIFS(Accounts!$C$2:$C$621,Accounts!$D$2:$D$621,A3) -> 182500 | F3: =COUNTIFS(Accounts!$E$2:$E$621,A3) -> 13 | G3: =SUMIFS(Accounts!$C$2:$C$621,Accounts!$E$2:$E$621,A3) -> 141900 | H3: =F3-D3 -> -7 | I3: =G3-E3 -> -40600 | K3: Std Dev of Revenue Potential | L3: =STDEVP(E2:E51) -> 46105.28 | M3: =STDEVP(G2:G51) -> 28419.494
A4: 3 | B4: Rep_03 | C4: Midwest | D4: =COUNTIFS(Accounts!$D$2:$D$621,A4) -> 16 | E4: =SUMIFS(Accounts!$C$2:$C$621,Accounts!$D$2:$D$621,A4) -> 143000 | F4: =COUNTIFS(Accounts!$E$2:$E$621,A4) -> 12 | G4: =SUMIFS(Accounts!$C$2:$C$621,Accounts!$E$2:$E$621,A4) -> 124300 | H4: =F4-D4 -> -4 | I4: =G4-E4 -> -18700 | K4: Coefficient of Variation | L4: =L3/L2 -> 0.40889425 | M4: =M3/M2 -> 0.25204419
A5: 4 | B5: Rep_04 | C5: Southwest | D5: =COUNTIFS(Accounts!$D$2:$D$621,A5) -> 11 | E5: =SUMIFS(Accounts!$C$2:$C$621,Accounts!$D$2:$D$621,A5) -> 115600 | F5: =COUNTIFS(Accounts!$E$2:$E$621,A5) -> 11 | G5: =SUMIFS(Accounts!$C$2:$C$621,Accounts!$E$2:$E$621,A5) -> 115600 | H5: =F5-D5 -> 0 | I5: =G5-E5 -> 0 | K5: Variance Reduction (Std Dev) | M5: =(L3-M3)/L3 -> 0.38359567
A6: 5 | B6: Rep_05 | C6: West | D6: =COUNTIFS(Accounts!$D$2:$D$621,A6) -> 22 | E6: =SUMIFS(Accounts!$C$2:$C$621,Accounts!$D$2:$D$621,A6) -> 247000 | F6: =COUNTIFS(Accounts!$E$2:$E$621,A6) -> 13 | G6: =SUMIFS(Accounts!$C$2:$C$621,Accounts!$E$2:$E$621,A6) -> 192300 | H6: =F6-D6 -> -9 | I6: =G6-E6 -> -54700 | K6: Reps Over Capacity (>12 accts) | L6: =COUNTIF(D2:D51,">12") -> 19 | M6: =COUNTIF(F2:F51,">12") -> 24
A7: 6 | B7: Rep_06 | C7: Northeast | D7: =COUNTIFS(Accounts!$D$2:$D$621,A7) -> 16 | E7: =SUMIFS(Accounts!$C$2:$C$621,Accounts!$D$2:$D$621,A7) -> 129900 | F7: =COUNTIFS(Accounts!$E$2:$E$621,A7) -> 16 | G7: =SUMIFS(Accounts!$C$2:$C$621,Accounts!$E$2:$E$621,A7) -> 129900 | H7: =F7-D7 -> 0 | I7: =G7-E7 -> 0 | K7: Total Excess Load (accts over 12) | L7: =SUMPRODUCT((D2:D51>12)*(D2:D51-12)) -> 112 | M7: =SUMPRODUCT((F2:F51>12)*(F2:F51-12)) -> 43
A8: 7 | B8: Rep_07 | C8: Southeast | D8: =COUNTIFS(Accounts!$D$2:$D$621,A8) -> 15 | E8: =SUMIFS(Accounts!$C$2:$C$621,Accounts!$D$2:$D$621,A8) -> 119200 | F8: =COUNTIFS(Accounts!$E$2:$E$621,A8) -> 15 | G8: =SUMIFS(Accounts!$C$2:$C$621,Accounts!$E$2:$E$621,A8) -> 119200 | H8: =F8-D8 -> 0 | I8: =G8-E8 -> 0 | K8: Heaviest Rep's Load | L8: =MAX(D2:D51) -> 24 | M8: =MAX(F2:F51) -> 19
A9: 8 | B9: Rep_08 | C9: Midwest | D9: =COUNTIFS(Accounts!$D$2:$D$621,A9) -> 23 | E9: =SUMIFS(Accounts!$C$2:$C$621,Accounts!$D$2:$D$621,A9) -> 183400 | F9: =COUNTIFS(Accounts!$E$2:$E$621,A9) -> 12 | G9: =SUMIFS(Accounts!$C$2:$C$621,Accounts!$E$2:$E$621,A9) -> 131400 | H9: =F9-D9 -> -11 | I9: =G9-E9 -> -52000
A10: 9 | B10: Rep_09 | C10: Southwest | D10: =COUNTIFS(Accounts!$D$2:$D$621,A10) -> 13 | E10: =SUMIFS(Accounts!$C$2:$C$621,Accounts!$D$2:$D$621,A10) -> 118900 | F10: =COUNTIFS(Accounts!$E$2:$E$621,A10) -> 13 | G10: =SUMIFS(Accounts!$C$2:$C$621,Accounts!$E$2:$E$621,A10) -> 118900 | H10: =F10-D10 -> 0 | I10: =G10-E10 -> 0
A11: 10 | B11: Rep_10 | C11: West | D11: =COUNTIFS(Accounts!$D$2:$D$621,A11) -> 11 | E11: =SUMIFS(Accounts!$C$2:$C$621,Accounts!$D$2:$D$621,A11) -> 89600 | F11: =COUNTIFS(Accounts!$E$2:$E$621,A11) -> 11 | G11: =SUMIFS(Accounts!$C$2:$C$621,Accounts!$E$2:$E$621,A11) -> 89600 | H11: =F11-D11 -> 0 | I11: =G11-E11 -> 0
A12: 11 | B12: Rep_11 | C12: Northeast | D12: =COUNTIFS(Accounts!$D$2:$D$621,A12) -> 23 | E12: =SUMIFS(Accounts!$C$2:$C$621,Accounts!$D$2:$D$621,A12) -> 195700 | F12: =COUNTIFS(Accounts!$E$2:$E$621,A12) -> 14 | G12: =SUMIFS(Accounts!$C$2:$C$621,Accounts!$E$2:$E$621,A12) -> 157200 | H12: =F12-D12 -> -9 | I12: =G12-E12 -> -38500
A13: 12 | B13: Rep_12 | C13: Southeast | D13: =COUNTIFS(Accounts!$D$2:$D$621,A13) -> 18 | E13: =SUMIFS(Accounts!$C$2:$C$621,Accounts!$D$2:$D$621,A13) -> 149900 | F13: =COUNTIFS(Accounts!$E$2:$E$621,A13) -> 13 | G13: =SUMIFS(Accounts!$C$2:$C$621,Accounts!$E$2:$E$621,A13) -> 133500 | H13: =F13-D13 -> -5 | I13: =G13-E13 -> -16400
A14: 13 | B14: Rep_13 | C14: Midwest | D14: =COUNTIFS(Accounts!$D$2:$D$621,A14) -> 14 | E14: =SUMIFS(Accounts!$C$2:$C$621,Accounts!$D$2:$D$621,A14) -> 134700 | F14: =COUNTIFS(Accounts!$E$2:$E$621,A14) -> 14 | G14: =SUMIFS(Accounts!$C$2:$C$621,Accounts!$E$2:$E$621,A14) -> 134700 | H14: =F14-D14 -> 0 | I14: =G14-E14 -> 0
A15: 14 | B15: Rep_14 | C15: Southwest | D15: =COUNTIFS(Accounts!$D$2:$D$621,A15) -> 12 | E15: =SUMIFS(Accounts!$C$2:$C$621,Accounts!$D$2:$D$621,A15) -> 93100 | F15: =COUNTIFS(Accounts!$E$2:$E$621,A15) -> 12 | G15: =SUMIFS(Accounts!$C$2:$C$621,Accounts!$E$2:$E$621,A15) -> 93100 | H15: =F15-D15 -> 0 | I15: =G15-E15 -> 0
A16: 15 | B16: Rep_15 | C16: West | D16: =COUNTIFS(Accounts!$D$2:$D$621,A16) -> 17 | E16: =SUMIFS(Accounts!$C$2:$C$621,Accounts!$D$2:$D$621,A16) -> 162900 | F16: =COUNTIFS(Accounts!$E$2:$E$621,A16) -> 13 | G16: =SUMIFS(Accounts!$C$2:$C$621,Accounts!$E$2:$E$621,A16) -> 141200 | H16: =F16-D16 -> -4 | I16: =G16-E16 -> -21700
A17: 16 | B17: Rep_16 | C17: Northeast | D17: =COUNTIFS(Accounts!$D$2:$D$621,A17) -> 21 | E17: =SUMIFS(Accounts!$C$2:$C$621,Accounts!$D$2:$D$621,A17) -> 176900 | F17: =COUNTIFS(Accounts!$E$2:$E$621,A17) -> 14 | G17: =SUMIFS(Accounts!$C$2:$C$621,Accounts!$E$2:$E$621,A17) -> 148200 | H17: =F17-D17 -> -7 | I17: =G17-E17 -> -28700
A18: 17 | B18: Rep_17 | C18: Southeast | D18: =COUNTIFS(Accounts!$D$2:$D$621,A18) -> 18 | E18: =SUMIFS(Accounts!$C$2:$C$621,Accounts!$D$2:$D$621,A18) -> 131300 | F18: =COUNTIFS(Accounts!$E$2:$E$621,A18) -> 14 | G18: =SUMIFS(Accounts!$C$2:$C$621,Accounts!$E$2:$E$621,A18) -> 116700 | H18: =F18-D18 -> -4 | I18: =G18-E18 -> -14600
A19: 18 | B19: Rep_18 | C19: Midwest | D19: =COUNTIFS(Accounts!$D$2:$D$621,A19) -> 11 | E19: =SUMIFS(Accounts!$C$2:$C$621,Accounts!$D$2:$D$621,A19) -> 100300 | F19: =COUNTIFS(Accounts!$E$2:$E$621,A19) -> 11 | G19: =SUMIFS(Accounts!$C$2:$C$621,Accounts!$E$2:$E$621,A19) -> 100300 | H19: =F19-D19 -> 0 | I19: =G19-E19 -> 0
A20: 19 | B20: Rep_19 | C20: Southwest | D20: =COUNTIFS(Accounts!$D$2:$D$621,A20) -> 17 | E20: =SUMIFS(Accounts!$C$2:$C$621,Accounts!$D$2:$D$621,A20) -> 142700 | F20: =COUNTIFS(Accounts!$E$2:$E$621,A20) -> 12 | G20: =SUMIFS(Accounts!$C$2:$C$621,Accounts!$E$2:$E$621,A20) -> 121900 | H20: =F20-D20 -> -5 | I20: =G20-E20 -> -20800
... A51: 50 | B51: Rep_50 | C51: West | D51: =COUNTIFS(Accounts!$D$2:$D$621,A51) -> 5 | E51: =SUMIFS(Accounts!$C$2:$C$621,Accounts!$D$2:$D$621,A51) -> 49100 | F51: =COUNTIFS(Accounts!$E$2:$E$621,A51) -> 13 | G51: =SUMIFS(Accounts!$C$2:$C$621,Accounts!$E$2:$E$621,A51) -> 89600 | H51: =F51-D51 -> 8 | I51: =G51-E51 -> 40500

Sheet Dashboard
B2: Pharma Sales Territory & Rep Performance Dashboard
B3: Rebalancing 620 accounts across 50 reps using account-value segmentation
B5: Workload Std Dev — Before | F5: Workload Std Dev — After | J5: Variance Reduction
B6: =Rep_Summary!L3 -> 46105.28 | F6: =Rep_Summary!M3 -> 28419.494 | J6: =Rep_Summary!M5 -> 0.38359567
B9: Reps Over Capacity — Before | F9: Reps Over Capacity — After | J9: ⚠ See note below
B10: =Rep_Summary!L6 -> 19 | F10: =Rep_Summary!M6 -> 24 | J10: "Reps over capacity" rises 19→24, but total excess load (below) falls 62% — see note.
B13: Total Excess Load — Before | F13: Total Excess Load — After | J13: Excess Load Reduction
B14: =Rep_Summary!L7 -> 112 | F14: =Rep_Summary!M7 -> 43 | J14: =(Rep_Summary!L7-Rep_Summary!M7)/Rep_Summary!L7 -> 0.61607143
